noise_family,assumed_old_accuracy,hours_weight,log_income_weight,noise_scale,illustrative_expected_accuracy_not_validation,changed_from_effort
gaussian,0.895,0.13045241338039534,-0.8751246760261852,0.41159076686381474,0.9603825668000097,142
gaussian,0.9,0.13504313626700584,-0.6777153227446585,0.47832064573955757,0.9540177918192759,116
gaussian,0.905,0.13958653786745842,-0.48979146232101983,0.5189852814511152,0.950106303185552,84
gaussian,0.91,0.14372526354529266,-0.3135139556303397,0.5417780161111821,0.9476257272827682,62
gaussian,0.915,0.14739395935745697,-0.1490977227671488,0.551448163520114,0.9463098811193718,22
gaussian,0.92,0.15063298885627627,0.003959147983037388,0.5510124877787324,0.9460265202867915,6
logistic,0.895,0.13000971473094347,-0.8663101632539828,0.2346173465432978,0.9608275290912989,142
logistic,0.9,0.13389449602739345,-0.6630360270643566,0.2748458619147039,0.9541434419052834,112
logistic,0.905,0.13786161730027177,-0.47020566227477273,0.29947640100656664,0.950037652278073,82
logistic,0.91,0.14160639342329331,-0.29094396992911487,0.31304304950610035,0.9474397085596988,56
logistic,0.915,0.14503890912981499,-0.12617923158348912,0.3184100292809278,0.9462065298504724,16
logistic,0.92,0.1481792309280472,0.024679308276956833,0.3175551073077705,0.9460101007787105,2
