view,min_samples,neighbor_distance_quantile,eps,clusters,largest_cluster_share,history_noise,candidate_noise,history_noise_rate,candidate_noise_rate,candidate_ambiguous_border
context,10,0.8,0.5418866201524902,1,0.9122,878,389,0.0878,0.09725,0
context,10,0.9,0.6465748976402895,1,0.9655,345,159,0.0345,0.03975,0
context,10,0.95,0.764474137480403,1,0.9879,121,64,0.0121,0.016,0
context,20,0.8,0.6490291814648167,1,0.9387,613,280,0.0613,0.07,0
context,20,0.9,0.7774184326156036,1,0.9796,204,108,0.0204,0.027,0
context,20,0.95,0.9043751970906476,1,0.9925,75,37,0.0075,0.00925,0
context,40,0.8,0.7786261596459579,1,0.9581,419,191,0.0419,0.04775,0
context,40,0.9,0.9168085936765336,1,0.9872,128,58,0.0128,0.0145,0
context,40,0.95,1.0637957253166452,1,0.9967,33,21,0.0033,0.00525,0
merit,10,0.8,0.053266194874695166,54,0.0967,1578,730,0.1578,0.1825,11
merit,10,0.9,0.10320325256972263,31,0.1055,763,363,0.0763,0.09075,5
merit,10,0.95,0.20324382481875813,25,0.1073,348,154,0.0348,0.0385,4
merit,20,0.8,0.10986152692905812,22,0.102,1618,699,0.1618,0.17475,3
merit,20,0.9,0.2197230538581174,16,0.106,742,328,0.0742,0.082,0
merit,20,0.95,0.2736861754001282,1,0.9754,246,108,0.0246,0.027,0
merit,40,0.8,0.22638132821745421,15,0.1028,1481,621,0.1481,0.15525,2
merit,40,0.9,0.2746361790808327,1,0.942,580,250,0.058,0.0625,0
merit,40,0.95,0.36477038467724243,1,0.9815,185,82,0.0185,0.0205,0
